email,password
test_user_1@test.com,Test1234
test_user_2@test.com,Test1234
test_user_3@test.com,Test1234
test_user_4@test.com,Test1234
test_user_5@test.com,Test1234
test_user_6@test.com,Test1234
test_user_7@test.com,Test1234
test_user_8@test.com,Test1234
test_user_9@test.com,Test1234
test_user_10@test.com,Test1234
test_user_11@test.com,Test1234
test_user_12@test.com,Test1234
test_user_13@test.com,Test1234
test_user_14@test.com,Test1234
test_user_15@test.com,Test1234
test_user_16@test.com,Test1234
test_user_17@test.com,Test1234
test_user_18@test.com,Test1234
test_user_19@test.com,Test1234
test_user_20@test.com,Test1234
test_user_21@test.com,Test1234
test_user_22@test.com,Test1234
test_user_23@test.com,Test1234
test_user_24@test.com,Test1234
test_user_25@test.com,Test1234
test_user_26@test.com,Test1234
test_user_27@test.com,Test1234
test_user_28@test.com,Test1234
test_user_29@test.com,Test1234
test_user_30@test.com,Test1234
test_user_31@test.com,Test1234
test_user_32@test.com,Test1234
test_user_33@test.com,Test1234
test_user_34@test.com,Test1234
test_user_35@test.com,Test1234
test_user_36@test.com,Test1234
test_user_37@test.com,Test1234
test_user_38@test.com,Test1234
test_user_39@test.com,Test1234
test_user_40@test.com,Test1234
test_user_41@test.com,Test1234
test_user_42@test.com,Test1234
test_user_43@test.com,Test1234
test_user_44@test.com,Test1234
test_user_45@test.com,Test1234
test_user_46@test.com,Test1234
test_user_47@test.com,Test1234
test_user_48@test.com,Test1234
test_user_49@test.com,Test1234
test_user_50@test.com,Test1234
test_user_51@test.com,Test1234
test_user_52@test.com,Test1234
test_user_53@test.com,Test1234
test_user_54@test.com,Test1234
test_user_55@test.com,Test1234
test_user_56@test.com,Test1234
test_user_57@test.com,Test1234
test_user_58@test.com,Test1234
test_user_59@test.com,Test1234
test_user_60@test.com,Test1234
test_user_61@test.com,Test1234
test_user_62@test.com,Test1234
test_user_63@test.com,Test1234
test_user_64@test.com,Test1234
test_user_65@test.com,Test1234
test_user_66@test.com,Test1234
test_user_67@test.com,Test1234
test_user_68@test.com,Test1234
test_user_69@test.com,Test1234
test_user_70@test.com,Test1234
test_user_71@test.com,Test1234
test_user_72@test.com,Test1234
test_user_73@test.com,Test1234
test_user_74@test.com,Test1234
test_user_75@test.com,Test1234
test_user_76@test.com,Test1234
test_user_77@test.com,Test1234
test_user_78@test.com,Test1234
test_user_79@test.com,Test1234
test_user_80@test.com,Test1234
test_user_81@test.com,Test1234
test_user_82@test.com,Test1234
test_user_83@test.com,Test1234
test_user_84@test.com,Test1234
test_user_85@test.com,Test1234
test_user_86@test.com,Test1234
test_user_87@test.com,Test1234
test_user_88@test.com,Test1234
test_user_89@test.com,Test1234
test_user_90@test.com,Test1234
test_user_91@test.com,Test1234
test_user_92@test.com,Test1234
test_user_93@test.com,Test1234
test_user_94@test.com,Test1234
test_user_95@test.com,Test1234
test_user_96@test.com,Test1234
test_user_97@test.com,Test1234
test_user_98@test.com,Test1234
test_user_99@test.com,Test1234
test_user_100@test.com,Test1234
test_user_101@test.com,Test1234
test_user_102@test.com,Test1234
test_user_103@test.com,Test1234
test_user_104@test.com,Test1234
test_user_105@test.com,Test1234
test_user_106@test.com,Test1234
test_user_107@test.com,Test1234
test_user_108@test.com,Test1234
test_user_109@test.com,Test1234
test_user_110@test.com,Test1234
test_user_111@test.com,Test1234
test_user_112@test.com,Test1234
test_user_113@test.com,Test1234
test_user_114@test.com,Test1234
test_user_115@test.com,Test1234
test_user_116@test.com,Test1234
test_user_117@test.com,Test1234
test_user_118@test.com,Test1234
test_user_119@test.com,Test1234
test_user_120@test.com,Test1234
test_user_121@test.com,Test1234
test_user_122@test.com,Test1234
test_user_123@test.com,Test1234
test_user_124@test.com,Test1234
test_user_125@test.com,Test1234
test_user_126@test.com,Test1234
test_user_127@test.com,Test1234
test_user_128@test.com,Test1234
test_user_129@test.com,Test1234
test_user_130@test.com,Test1234
test_user_131@test.com,Test1234
test_user_132@test.com,Test1234
test_user_133@test.com,Test1234
test_user_134@test.com,Test1234
test_user_135@test.com,Test1234
test_user_136@test.com,Test1234
test_user_137@test.com,Test1234
test_user_138@test.com,Test1234
test_user_139@test.com,Test1234
test_user_140@test.com,Test1234
test_user_141@test.com,Test1234
test_user_142@test.com,Test1234
test_user_143@test.com,Test1234
test_user_144@test.com,Test1234
test_user_145@test.com,Test1234
test_user_146@test.com,Test1234
test_user_147@test.com,Test1234
test_user_148@test.com,Test1234
test_user_149@test.com,Test1234
test_user_150@test.com,Test1234
test_user_151@test.com,Test1234
test_user_152@test.com,Test1234
test_user_153@test.com,Test1234
test_user_154@test.com,Test1234
test_user_155@test.com,Test1234
test_user_156@test.com,Test1234
test_user_157@test.com,Test1234
test_user_158@test.com,Test1234
test_user_159@test.com,Test1234
test_user_160@test.com,Test1234
test_user_161@test.com,Test1234
test_user_162@test.com,Test1234
test_user_163@test.com,Test1234
test_user_164@test.com,Test1234
test_user_165@test.com,Test1234
test_user_166@test.com,Test1234
test_user_167@test.com,Test1234
test_user_168@test.com,Test1234
test_user_169@test.com,Test1234
test_user_170@test.com,Test1234
test_user_171@test.com,Test1234
test_user_172@test.com,Test1234
test_user_173@test.com,Test1234
test_user_174@test.com,Test1234
test_user_175@test.com,Test1234
test_user_176@test.com,Test1234
test_user_177@test.com,Test1234
test_user_178@test.com,Test1234
test_user_179@test.com,Test1234
test_user_180@test.com,Test1234
test_user_181@test.com,Test1234
test_user_182@test.com,Test1234
test_user_183@test.com,Test1234
test_user_184@test.com,Test1234
test_user_185@test.com,Test1234
test_user_186@test.com,Test1234
test_user_187@test.com,Test1234
test_user_188@test.com,Test1234
test_user_189@test.com,Test1234
test_user_190@test.com,Test1234
test_user_191@test.com,Test1234
test_user_192@test.com,Test1234
test_user_193@test.com,Test1234
test_user_194@test.com,Test1234
test_user_195@test.com,Test1234
test_user_196@test.com,Test1234
test_user_197@test.com,Test1234
test_user_198@test.com,Test1234
test_user_199@test.com,Test1234
test_user_200@test.com,Test1234
test_user_201@test.com,Test1234
test_user_202@test.com,Test1234
test_user_203@test.com,Test1234
test_user_204@test.com,Test1234
test_user_205@test.com,Test1234
test_user_206@test.com,Test1234
test_user_207@test.com,Test1234
test_user_208@test.com,Test1234
test_user_209@test.com,Test1234
test_user_210@test.com,Test1234
test_user_211@test.com,Test1234
test_user_212@test.com,Test1234
test_user_213@test.com,Test1234
test_user_214@test.com,Test1234
test_user_215@test.com,Test1234
test_user_216@test.com,Test1234
test_user_217@test.com,Test1234
test_user_218@test.com,Test1234
test_user_219@test.com,Test1234
test_user_220@test.com,Test1234
test_user_221@test.com,Test1234
test_user_222@test.com,Test1234
test_user_223@test.com,Test1234
test_user_224@test.com,Test1234
test_user_225@test.com,Test1234
test_user_226@test.com,Test1234
test_user_227@test.com,Test1234
test_user_228@test.com,Test1234
test_user_229@test.com,Test1234
test_user_230@test.com,Test1234
test_user_231@test.com,Test1234
test_user_232@test.com,Test1234
test_user_233@test.com,Test1234
test_user_234@test.com,Test1234
test_user_235@test.com,Test1234
test_user_236@test.com,Test1234
test_user_237@test.com,Test1234
test_user_238@test.com,Test1234
test_user_239@test.com,Test1234
test_user_240@test.com,Test1234
test_user_241@test.com,Test1234
test_user_242@test.com,Test1234
test_user_243@test.com,Test1234
test_user_244@test.com,Test1234
test_user_245@test.com,Test1234
test_user_246@test.com,Test1234
test_user_247@test.com,Test1234
test_user_248@test.com,Test1234
test_user_249@test.com,Test1234
test_user_250@test.com,Test1234
test_user_251@test.com,Test1234
test_user_252@test.com,Test1234
test_user_253@test.com,Test1234
test_user_254@test.com,Test1234
test_user_255@test.com,Test1234
test_user_256@test.com,Test1234
test_user_257@test.com,Test1234
test_user_258@test.com,Test1234
test_user_259@test.com,Test1234
test_user_260@test.com,Test1234
test_user_261@test.com,Test1234
test_user_262@test.com,Test1234
test_user_263@test.com,Test1234
test_user_264@test.com,Test1234
test_user_265@test.com,Test1234
test_user_266@test.com,Test1234
test_user_267@test.com,Test1234
test_user_268@test.com,Test1234
test_user_269@test.com,Test1234
test_user_270@test.com,Test1234
test_user_271@test.com,Test1234
test_user_272@test.com,Test1234
test_user_273@test.com,Test1234
test_user_274@test.com,Test1234
test_user_275@test.com,Test1234
test_user_276@test.com,Test1234
test_user_277@test.com,Test1234
test_user_278@test.com,Test1234
test_user_279@test.com,Test1234
test_user_280@test.com,Test1234
test_user_281@test.com,Test1234
test_user_282@test.com,Test1234
test_user_283@test.com,Test1234
test_user_284@test.com,Test1234
test_user_285@test.com,Test1234
test_user_286@test.com,Test1234
test_user_287@test.com,Test1234
test_user_288@test.com,Test1234
test_user_289@test.com,Test1234
test_user_290@test.com,Test1234
test_user_291@test.com,Test1234
test_user_292@test.com,Test1234
test_user_293@test.com,Test1234
test_user_294@test.com,Test1234
test_user_295@test.com,Test1234
test_user_296@test.com,Test1234
test_user_297@test.com,Test1234
test_user_298@test.com,Test1234
test_user_299@test.com,Test1234
test_user_300@test.com,Test1234
test_user_301@test.com,Test1234
test_user_302@test.com,Test1234
test_user_303@test.com,Test1234
test_user_304@test.com,Test1234
test_user_305@test.com,Test1234
test_user_306@test.com,Test1234
test_user_307@test.com,Test1234
test_user_308@test.com,Test1234
test_user_309@test.com,Test1234
test_user_310@test.com,Test1234
test_user_311@test.com,Test1234
test_user_312@test.com,Test1234
test_user_313@test.com,Test1234
test_user_314@test.com,Test1234
test_user_315@test.com,Test1234
test_user_316@test.com,Test1234
test_user_317@test.com,Test1234
test_user_318@test.com,Test1234
test_user_319@test.com,Test1234
test_user_320@test.com,Test1234
test_user_321@test.com,Test1234
test_user_322@test.com,Test1234
test_user_323@test.com,Test1234
test_user_324@test.com,Test1234
test_user_325@test.com,Test1234
test_user_326@test.com,Test1234
test_user_327@test.com,Test1234
test_user_328@test.com,Test1234
test_user_329@test.com,Test1234
test_user_330@test.com,Test1234
test_user_331@test.com,Test1234
test_user_332@test.com,Test1234
test_user_333@test.com,Test1234
test_user_334@test.com,Test1234
test_user_335@test.com,Test1234
test_user_336@test.com,Test1234
test_user_337@test.com,Test1234
test_user_338@test.com,Test1234
test_user_339@test.com,Test1234
test_user_340@test.com,Test1234
test_user_341@test.com,Test1234
test_user_342@test.com,Test1234
test_user_343@test.com,Test1234
test_user_344@test.com,Test1234
test_user_345@test.com,Test1234
test_user_346@test.com,Test1234
test_user_347@test.com,Test1234
test_user_348@test.com,Test1234
test_user_349@test.com,Test1234
test_user_350@test.com,Test1234
test_user_351@test.com,Test1234
test_user_352@test.com,Test1234
test_user_353@test.com,Test1234
test_user_354@test.com,Test1234
test_user_355@test.com,Test1234
test_user_356@test.com,Test1234
test_user_357@test.com,Test1234
test_user_358@test.com,Test1234
test_user_359@test.com,Test1234
test_user_360@test.com,Test1234
test_user_361@test.com,Test1234
test_user_362@test.com,Test1234
test_user_363@test.com,Test1234
test_user_364@test.com,Test1234
test_user_365@test.com,Test1234
test_user_366@test.com,Test1234
test_user_367@test.com,Test1234
test_user_368@test.com,Test1234
test_user_369@test.com,Test1234
test_user_370@test.com,Test1234
test_user_371@test.com,Test1234
test_user_372@test.com,Test1234
test_user_373@test.com,Test1234
test_user_374@test.com,Test1234
test_user_375@test.com,Test1234
test_user_376@test.com,Test1234
test_user_377@test.com,Test1234
test_user_378@test.com,Test1234
test_user_379@test.com,Test1234
test_user_380@test.com,Test1234
test_user_381@test.com,Test1234
test_user_382@test.com,Test1234
test_user_383@test.com,Test1234
test_user_384@test.com,Test1234
test_user_385@test.com,Test1234
test_user_386@test.com,Test1234
test_user_387@test.com,Test1234
test_user_388@test.com,Test1234
test_user_389@test.com,Test1234
test_user_390@test.com,Test1234
test_user_391@test.com,Test1234
test_user_392@test.com,Test1234
test_user_393@test.com,Test1234
test_user_394@test.com,Test1234
test_user_395@test.com,Test1234
test_user_396@test.com,Test1234
test_user_397@test.com,Test1234
test_user_398@test.com,Test1234
test_user_399@test.com,Test1234
test_user_400@test.com,Test1234
test_user_401@test.com,Test1234
test_user_402@test.com,Test1234
test_user_403@test.com,Test1234
test_user_404@test.com,Test1234
test_user_405@test.com,Test1234
test_user_406@test.com,Test1234
test_user_407@test.com,Test1234
test_user_408@test.com,Test1234
test_user_409@test.com,Test1234
test_user_410@test.com,Test1234
test_user_411@test.com,Test1234
test_user_412@test.com,Test1234
test_user_413@test.com,Test1234
test_user_414@test.com,Test1234
test_user_415@test.com,Test1234
test_user_416@test.com,Test1234
test_user_417@test.com,Test1234
test_user_418@test.com,Test1234
test_user_419@test.com,Test1234
test_user_420@test.com,Test1234
test_user_421@test.com,Test1234
test_user_422@test.com,Test1234
test_user_423@test.com,Test1234
test_user_424@test.com,Test1234
test_user_425@test.com,Test1234
test_user_426@test.com,Test1234
test_user_427@test.com,Test1234
test_user_428@test.com,Test1234
test_user_429@test.com,Test1234
test_user_430@test.com,Test1234
test_user_431@test.com,Test1234
test_user_432@test.com,Test1234
test_user_433@test.com,Test1234
test_user_434@test.com,Test1234
test_user_435@test.com,Test1234
test_user_436@test.com,Test1234
test_user_437@test.com,Test1234
test_user_438@test.com,Test1234
test_user_439@test.com,Test1234
test_user_440@test.com,Test1234
test_user_441@test.com,Test1234
test_user_442@test.com,Test1234
test_user_443@test.com,Test1234
test_user_444@test.com,Test1234
test_user_445@test.com,Test1234
test_user_446@test.com,Test1234
test_user_447@test.com,Test1234
test_user_448@test.com,Test1234
test_user_449@test.com,Test1234
test_user_450@test.com,Test1234
test_user_451@test.com,Test1234
test_user_452@test.com,Test1234
test_user_453@test.com,Test1234
test_user_454@test.com,Test1234
test_user_455@test.com,Test1234
test_user_456@test.com,Test1234
test_user_457@test.com,Test1234
test_user_458@test.com,Test1234
test_user_459@test.com,Test1234
test_user_460@test.com,Test1234
test_user_461@test.com,Test1234
test_user_462@test.com,Test1234
test_user_463@test.com,Test1234
test_user_464@test.com,Test1234
test_user_465@test.com,Test1234
test_user_466@test.com,Test1234
test_user_467@test.com,Test1234
test_user_468@test.com,Test1234
test_user_469@test.com,Test1234
test_user_470@test.com,Test1234
test_user_471@test.com,Test1234
test_user_472@test.com,Test1234
test_user_473@test.com,Test1234
test_user_474@test.com,Test1234
test_user_475@test.com,Test1234
test_user_476@test.com,Test1234
test_user_477@test.com,Test1234
test_user_478@test.com,Test1234
test_user_479@test.com,Test1234
test_user_480@test.com,Test1234
test_user_481@test.com,Test1234
test_user_482@test.com,Test1234
test_user_483@test.com,Test1234
test_user_484@test.com,Test1234
test_user_485@test.com,Test1234
test_user_486@test.com,Test1234
test_user_487@test.com,Test1234
test_user_488@test.com,Test1234
test_user_489@test.com,Test1234
test_user_490@test.com,Test1234
test_user_491@test.com,Test1234
test_user_492@test.com,Test1234
test_user_493@test.com,Test1234
test_user_494@test.com,Test1234
test_user_495@test.com,Test1234
test_user_496@test.com,Test1234
test_user_497@test.com,Test1234
test_user_498@test.com,Test1234
test_user_499@test.com,Test1234
test_user_500@test.com,Test1234
test_user_501@test.com,Test1234
test_user_502@test.com,Test1234
test_user_503@test.com,Test1234
test_user_504@test.com,Test1234
test_user_505@test.com,Test1234
test_user_506@test.com,Test1234
test_user_507@test.com,Test1234
test_user_508@test.com,Test1234
test_user_509@test.com,Test1234
test_user_510@test.com,Test1234
test_user_511@test.com,Test1234
test_user_512@test.com,Test1234
test_user_513@test.com,Test1234
test_user_514@test.com,Test1234
test_user_515@test.com,Test1234
test_user_516@test.com,Test1234
test_user_517@test.com,Test1234
test_user_518@test.com,Test1234
test_user_519@test.com,Test1234
test_user_520@test.com,Test1234
test_user_521@test.com,Test1234
test_user_522@test.com,Test1234
test_user_523@test.com,Test1234
test_user_524@test.com,Test1234
test_user_525@test.com,Test1234
test_user_526@test.com,Test1234
test_user_527@test.com,Test1234
test_user_528@test.com,Test1234
test_user_529@test.com,Test1234
test_user_530@test.com,Test1234
test_user_531@test.com,Test1234
test_user_532@test.com,Test1234
test_user_533@test.com,Test1234
test_user_534@test.com,Test1234
test_user_535@test.com,Test1234
test_user_536@test.com,Test1234
test_user_537@test.com,Test1234
test_user_538@test.com,Test1234
test_user_539@test.com,Test1234
test_user_540@test.com,Test1234
test_user_541@test.com,Test1234
test_user_542@test.com,Test1234
test_user_543@test.com,Test1234
test_user_544@test.com,Test1234
test_user_545@test.com,Test1234
test_user_546@test.com,Test1234
test_user_547@test.com,Test1234
test_user_548@test.com,Test1234
test_user_549@test.com,Test1234
test_user_550@test.com,Test1234
test_user_551@test.com,Test1234
test_user_552@test.com,Test1234
test_user_553@test.com,Test1234
test_user_554@test.com,Test1234
test_user_555@test.com,Test1234
test_user_556@test.com,Test1234
test_user_557@test.com,Test1234
test_user_558@test.com,Test1234
test_user_559@test.com,Test1234
test_user_560@test.com,Test1234
test_user_561@test.com,Test1234
test_user_562@test.com,Test1234
test_user_563@test.com,Test1234
test_user_564@test.com,Test1234
test_user_565@test.com,Test1234
test_user_566@test.com,Test1234
test_user_567@test.com,Test1234
test_user_568@test.com,Test1234
test_user_569@test.com,Test1234
test_user_570@test.com,Test1234
test_user_571@test.com,Test1234
test_user_572@test.com,Test1234
test_user_573@test.com,Test1234
test_user_574@test.com,Test1234
test_user_575@test.com,Test1234
test_user_576@test.com,Test1234
test_user_577@test.com,Test1234
test_user_578@test.com,Test1234
test_user_579@test.com,Test1234
test_user_580@test.com,Test1234
test_user_581@test.com,Test1234
test_user_582@test.com,Test1234
test_user_583@test.com,Test1234
test_user_584@test.com,Test1234
test_user_585@test.com,Test1234
test_user_586@test.com,Test1234
test_user_587@test.com,Test1234
test_user_588@test.com,Test1234
test_user_589@test.com,Test1234
test_user_590@test.com,Test1234
test_user_591@test.com,Test1234
test_user_592@test.com,Test1234
test_user_593@test.com,Test1234
test_user_594@test.com,Test1234
test_user_595@test.com,Test1234
test_user_596@test.com,Test1234
test_user_597@test.com,Test1234
test_user_598@test.com,Test1234
test_user_599@test.com,Test1234
test_user_600@test.com,Test1234
test_user_601@test.com,Test1234
test_user_602@test.com,Test1234
test_user_603@test.com,Test1234
test_user_604@test.com,Test1234
test_user_605@test.com,Test1234
test_user_606@test.com,Test1234
test_user_607@test.com,Test1234
test_user_608@test.com,Test1234
test_user_609@test.com,Test1234
test_user_610@test.com,Test1234
test_user_611@test.com,Test1234
test_user_612@test.com,Test1234
test_user_613@test.com,Test1234
test_user_614@test.com,Test1234
test_user_615@test.com,Test1234
test_user_616@test.com,Test1234
test_user_617@test.com,Test1234
test_user_618@test.com,Test1234
test_user_619@test.com,Test1234
test_user_620@test.com,Test1234
test_user_621@test.com,Test1234
test_user_622@test.com,Test1234
test_user_623@test.com,Test1234
test_user_624@test.com,Test1234
test_user_625@test.com,Test1234
test_user_626@test.com,Test1234
test_user_627@test.com,Test1234
test_user_628@test.com,Test1234
test_user_629@test.com,Test1234
test_user_630@test.com,Test1234
test_user_631@test.com,Test1234
test_user_632@test.com,Test1234
test_user_633@test.com,Test1234
test_user_634@test.com,Test1234
test_user_635@test.com,Test1234
test_user_636@test.com,Test1234
test_user_637@test.com,Test1234
test_user_638@test.com,Test1234
test_user_639@test.com,Test1234
test_user_640@test.com,Test1234
test_user_641@test.com,Test1234
test_user_642@test.com,Test1234
test_user_643@test.com,Test1234
test_user_644@test.com,Test1234
test_user_645@test.com,Test1234
test_user_646@test.com,Test1234
test_user_647@test.com,Test1234
test_user_648@test.com,Test1234
test_user_649@test.com,Test1234
test_user_650@test.com,Test1234
test_user_651@test.com,Test1234
test_user_652@test.com,Test1234
test_user_653@test.com,Test1234
test_user_654@test.com,Test1234
test_user_655@test.com,Test1234
test_user_656@test.com,Test1234
test_user_657@test.com,Test1234
test_user_658@test.com,Test1234
test_user_659@test.com,Test1234
test_user_660@test.com,Test1234
test_user_661@test.com,Test1234
test_user_662@test.com,Test1234
test_user_663@test.com,Test1234
test_user_664@test.com,Test1234
test_user_665@test.com,Test1234
test_user_666@test.com,Test1234
test_user_667@test.com,Test1234
test_user_668@test.com,Test1234
test_user_669@test.com,Test1234
test_user_670@test.com,Test1234
test_user_671@test.com,Test1234
test_user_672@test.com,Test1234
test_user_673@test.com,Test1234
test_user_674@test.com,Test1234
test_user_675@test.com,Test1234
test_user_676@test.com,Test1234
test_user_677@test.com,Test1234
test_user_678@test.com,Test1234
test_user_679@test.com,Test1234
test_user_680@test.com,Test1234
test_user_681@test.com,Test1234
test_user_682@test.com,Test1234
test_user_683@test.com,Test1234
test_user_684@test.com,Test1234
test_user_685@test.com,Test1234
test_user_686@test.com,Test1234
test_user_687@test.com,Test1234
test_user_688@test.com,Test1234
test_user_689@test.com,Test1234
test_user_690@test.com,Test1234
test_user_691@test.com,Test1234
test_user_692@test.com,Test1234
test_user_693@test.com,Test1234
test_user_694@test.com,Test1234
test_user_695@test.com,Test1234
test_user_696@test.com,Test1234
test_user_697@test.com,Test1234
test_user_698@test.com,Test1234
test_user_699@test.com,Test1234
test_user_700@test.com,Test1234
test_user_701@test.com,Test1234
test_user_702@test.com,Test1234
test_user_703@test.com,Test1234
test_user_704@test.com,Test1234
test_user_705@test.com,Test1234
test_user_706@test.com,Test1234
test_user_707@test.com,Test1234
test_user_708@test.com,Test1234
test_user_709@test.com,Test1234
test_user_710@test.com,Test1234
test_user_711@test.com,Test1234
test_user_712@test.com,Test1234
test_user_713@test.com,Test1234
test_user_714@test.com,Test1234
test_user_715@test.com,Test1234
test_user_716@test.com,Test1234
test_user_717@test.com,Test1234
test_user_718@test.com,Test1234
test_user_719@test.com,Test1234
test_user_720@test.com,Test1234
test_user_721@test.com,Test1234
test_user_722@test.com,Test1234
test_user_723@test.com,Test1234
test_user_724@test.com,Test1234
test_user_725@test.com,Test1234
test_user_726@test.com,Test1234
test_user_727@test.com,Test1234
test_user_728@test.com,Test1234
test_user_729@test.com,Test1234
test_user_730@test.com,Test1234
test_user_731@test.com,Test1234
test_user_732@test.com,Test1234
test_user_733@test.com,Test1234
test_user_734@test.com,Test1234
test_user_735@test.com,Test1234
test_user_736@test.com,Test1234
test_user_737@test.com,Test1234
test_user_738@test.com,Test1234
test_user_739@test.com,Test1234
test_user_740@test.com,Test1234
test_user_741@test.com,Test1234
test_user_742@test.com,Test1234
test_user_743@test.com,Test1234
test_user_744@test.com,Test1234
test_user_745@test.com,Test1234
test_user_746@test.com,Test1234
test_user_747@test.com,Test1234
test_user_748@test.com,Test1234
test_user_749@test.com,Test1234
test_user_750@test.com,Test1234
test_user_751@test.com,Test1234
test_user_752@test.com,Test1234
test_user_753@test.com,Test1234
test_user_754@test.com,Test1234
test_user_755@test.com,Test1234
test_user_756@test.com,Test1234
test_user_757@test.com,Test1234
test_user_758@test.com,Test1234
test_user_759@test.com,Test1234
test_user_760@test.com,Test1234
test_user_761@test.com,Test1234
test_user_762@test.com,Test1234
test_user_763@test.com,Test1234
test_user_764@test.com,Test1234
test_user_765@test.com,Test1234
test_user_766@test.com,Test1234
test_user_767@test.com,Test1234
test_user_768@test.com,Test1234
test_user_769@test.com,Test1234
test_user_770@test.com,Test1234
test_user_771@test.com,Test1234
test_user_772@test.com,Test1234
test_user_773@test.com,Test1234
test_user_774@test.com,Test1234
test_user_775@test.com,Test1234
test_user_776@test.com,Test1234
test_user_777@test.com,Test1234
test_user_778@test.com,Test1234
test_user_779@test.com,Test1234
test_user_780@test.com,Test1234
test_user_781@test.com,Test1234
test_user_782@test.com,Test1234
test_user_783@test.com,Test1234
test_user_784@test.com,Test1234
test_user_785@test.com,Test1234
test_user_786@test.com,Test1234
test_user_787@test.com,Test1234
test_user_788@test.com,Test1234
test_user_789@test.com,Test1234
test_user_790@test.com,Test1234
test_user_791@test.com,Test1234
test_user_792@test.com,Test1234
test_user_793@test.com,Test1234
test_user_794@test.com,Test1234
test_user_795@test.com,Test1234
test_user_796@test.com,Test1234
test_user_797@test.com,Test1234
test_user_798@test.com,Test1234
test_user_799@test.com,Test1234
test_user_800@test.com,Test1234
test_user_801@test.com,Test1234
test_user_802@test.com,Test1234
test_user_803@test.com,Test1234
test_user_804@test.com,Test1234
test_user_805@test.com,Test1234
test_user_806@test.com,Test1234
test_user_807@test.com,Test1234
test_user_808@test.com,Test1234
test_user_809@test.com,Test1234
test_user_810@test.com,Test1234
test_user_811@test.com,Test1234
test_user_812@test.com,Test1234
test_user_813@test.com,Test1234
test_user_814@test.com,Test1234
test_user_815@test.com,Test1234
test_user_816@test.com,Test1234
test_user_817@test.com,Test1234
test_user_818@test.com,Test1234
test_user_819@test.com,Test1234
test_user_820@test.com,Test1234
test_user_821@test.com,Test1234
test_user_822@test.com,Test1234
test_user_823@test.com,Test1234
test_user_824@test.com,Test1234
test_user_825@test.com,Test1234
test_user_826@test.com,Test1234
test_user_827@test.com,Test1234
test_user_828@test.com,Test1234
test_user_829@test.com,Test1234
test_user_830@test.com,Test1234
test_user_831@test.com,Test1234
test_user_832@test.com,Test1234
test_user_833@test.com,Test1234
test_user_834@test.com,Test1234
test_user_835@test.com,Test1234
test_user_836@test.com,Test1234
test_user_837@test.com,Test1234
test_user_838@test.com,Test1234
test_user_839@test.com,Test1234
test_user_840@test.com,Test1234
test_user_841@test.com,Test1234
test_user_842@test.com,Test1234
test_user_843@test.com,Test1234
test_user_844@test.com,Test1234
test_user_845@test.com,Test1234
test_user_846@test.com,Test1234
test_user_847@test.com,Test1234
test_user_848@test.com,Test1234
test_user_849@test.com,Test1234
test_user_850@test.com,Test1234
test_user_851@test.com,Test1234
test_user_852@test.com,Test1234
test_user_853@test.com,Test1234
test_user_854@test.com,Test1234
test_user_855@test.com,Test1234
test_user_856@test.com,Test1234
test_user_857@test.com,Test1234
test_user_858@test.com,Test1234
test_user_859@test.com,Test1234
test_user_860@test.com,Test1234
test_user_861@test.com,Test1234
test_user_862@test.com,Test1234
test_user_863@test.com,Test1234
test_user_864@test.com,Test1234
test_user_865@test.com,Test1234
test_user_866@test.com,Test1234
test_user_867@test.com,Test1234
test_user_868@test.com,Test1234
test_user_869@test.com,Test1234
test_user_870@test.com,Test1234
test_user_871@test.com,Test1234
test_user_872@test.com,Test1234
test_user_873@test.com,Test1234
test_user_874@test.com,Test1234
test_user_875@test.com,Test1234
test_user_876@test.com,Test1234
test_user_877@test.com,Test1234
test_user_878@test.com,Test1234
test_user_879@test.com,Test1234
test_user_880@test.com,Test1234
test_user_881@test.com,Test1234
test_user_882@test.com,Test1234
test_user_883@test.com,Test1234
test_user_884@test.com,Test1234
test_user_885@test.com,Test1234
test_user_886@test.com,Test1234
test_user_887@test.com,Test1234
test_user_888@test.com,Test1234
test_user_889@test.com,Test1234
test_user_890@test.com,Test1234
test_user_891@test.com,Test1234
test_user_892@test.com,Test1234
test_user_893@test.com,Test1234
test_user_894@test.com,Test1234
test_user_895@test.com,Test1234
test_user_896@test.com,Test1234
test_user_897@test.com,Test1234
test_user_898@test.com,Test1234
test_user_899@test.com,Test1234
test_user_900@test.com,Test1234
test_user_901@test.com,Test1234
test_user_902@test.com,Test1234
test_user_903@test.com,Test1234
test_user_904@test.com,Test1234
test_user_905@test.com,Test1234
test_user_906@test.com,Test1234
test_user_907@test.com,Test1234
test_user_908@test.com,Test1234
test_user_909@test.com,Test1234
test_user_910@test.com,Test1234
test_user_911@test.com,Test1234
test_user_912@test.com,Test1234
test_user_913@test.com,Test1234
test_user_914@test.com,Test1234
test_user_915@test.com,Test1234
test_user_916@test.com,Test1234
test_user_917@test.com,Test1234
test_user_918@test.com,Test1234
test_user_919@test.com,Test1234
test_user_920@test.com,Test1234
test_user_921@test.com,Test1234
test_user_922@test.com,Test1234
test_user_923@test.com,Test1234
test_user_924@test.com,Test1234
test_user_925@test.com,Test1234
test_user_926@test.com,Test1234
test_user_927@test.com,Test1234
test_user_928@test.com,Test1234
test_user_929@test.com,Test1234
test_user_930@test.com,Test1234
test_user_931@test.com,Test1234
test_user_932@test.com,Test1234
test_user_933@test.com,Test1234
test_user_934@test.com,Test1234
test_user_935@test.com,Test1234
test_user_936@test.com,Test1234
test_user_937@test.com,Test1234
test_user_938@test.com,Test1234
test_user_939@test.com,Test1234
test_user_940@test.com,Test1234
test_user_941@test.com,Test1234
test_user_942@test.com,Test1234
test_user_943@test.com,Test1234
test_user_944@test.com,Test1234
test_user_945@test.com,Test1234
test_user_946@test.com,Test1234
test_user_947@test.com,Test1234
test_user_948@test.com,Test1234
test_user_949@test.com,Test1234
test_user_950@test.com,Test1234
test_user_951@test.com,Test1234
test_user_952@test.com,Test1234
test_user_953@test.com,Test1234
test_user_954@test.com,Test1234
test_user_955@test.com,Test1234
test_user_956@test.com,Test1234
test_user_957@test.com,Test1234
test_user_958@test.com,Test1234
test_user_959@test.com,Test1234
test_user_960@test.com,Test1234
test_user_961@test.com,Test1234
test_user_962@test.com,Test1234
test_user_963@test.com,Test1234
test_user_964@test.com,Test1234
test_user_965@test.com,Test1234
test_user_966@test.com,Test1234
test_user_967@test.com,Test1234
test_user_968@test.com,Test1234
test_user_969@test.com,Test1234
test_user_970@test.com,Test1234
test_user_971@test.com,Test1234
test_user_972@test.com,Test1234
test_user_973@test.com,Test1234
test_user_974@test.com,Test1234
test_user_975@test.com,Test1234
test_user_976@test.com,Test1234
test_user_977@test.com,Test1234
test_user_978@test.com,Test1234
test_user_979@test.com,Test1234
test_user_980@test.com,Test1234
test_user_981@test.com,Test1234
test_user_982@test.com,Test1234
test_user_983@test.com,Test1234
test_user_984@test.com,Test1234
test_user_985@test.com,Test1234
test_user_986@test.com,Test1234
test_user_987@test.com,Test1234
test_user_988@test.com,Test1234
test_user_989@test.com,Test1234
test_user_990@test.com,Test1234
test_user_991@test.com,Test1234
test_user_992@test.com,Test1234
test_user_993@test.com,Test1234
test_user_994@test.com,Test1234
test_user_995@test.com,Test1234
test_user_996@test.com,Test1234
test_user_997@test.com,Test1234
test_user_998@test.com,Test1234
test_user_999@test.com,Test1234
test_user_1000@test.com,Test1234
